"source_path","local_path","source_commit","git_blob_sha","size_bytes","sha256","byte_verified","transport_recovery"
"Assets/Scripts/Character/GameManager.cs","Assets/Scripts/Character/GameManager.cs","7d8e92b8d6c8cd6814f307cc705c28eaf99bf92d","3aa203224a7a4a249af392b5394061c1c7124916","922","9f9157e05549d97a579191225e8b7dad23c1115aa35e669e34d2777d2124e8c2","True","verified encoding candidate 949"
"Assets/Scripts/Character/GoldSystem.cs","Assets/Scripts/Character/GoldSystem.cs","7d8e92b8d6c8cd6814f307cc705c28eaf99bf92d","04555466314e469e51be801a7a7f1cd9620aabf8","1261","15d8f5e429455463b3ad152b11b93468665e4aef5f252636fd135033d888aaa8","True","verified encoding candidate 949"
"Assets/Scripts/Character/MonsterUnitMove.cs","Assets/Scripts/Character/MonsterUnitMove.cs","7d8e92b8d6c8cd6814f307cc705c28eaf99bf92d","a02e2e2c7555e5464250cc7a03ec1092f1218112","1498","07414d87d4f2834521fb11134b020e78c7d976242c3b1876b9096ee30aa4a2c3","True","verified encoding candidate 949"
"Assets/Scripts/Character/PlayAttackSound.cs","Assets/Scripts/Character/PlayAttackSound.cs","7d8e92b8d6c8cd6814f307cc705c28eaf99bf92d","483b84006a5e6dfcb9ab0371864cbfed06d5c982","289","d3c59f913a62321b57e1ec06fd58ad43f4f214a27ddd4d062a49a3129716840b","True","verified encoding candidate 65001"
"Assets/Scripts/Character/StageManager.cs","Assets/Scripts/Character/StageManager.cs","7d8e92b8d6c8cd6814f307cc705c28eaf99bf92d","40937b9d23557297121df666bbf09a694bc25161","2997","214aa50e19078666c51120dd503d422b6df062a0f784ceba6095d62e9b1e23ea","True","verified encoding candidate 949"
"Assets/Scripts/Character/UnitAttackTiming.cs","Assets/Scripts/Character/UnitAttackTiming.cs","7d8e92b8d6c8cd6814f307cc705c28eaf99bf92d","9b9cb3b8de9978d615e9eee939b012933faa12bd","1750","71145c5ab5d32269c0b3b5c84298d4c0cdf4a65b7f3e0da7014fc27ba3c871cd","True","verified encoding candidate 949"
"Assets/Scripts/Character/UnitMove.cs","Assets/Scripts/Character/UnitMove.cs","7d8e92b8d6c8cd6814f307cc705c28eaf99bf92d","1f74462128756b88536afc5b33ec2c5bbcf070d2","1512","2ab06e464b656e1726389496d9ae5d024235d755c3bc9ce54a50772ebabb7c8a","True","verified encoding candidate 949"
"Assets/Scripts/Character/UnitSpawn.cs","Assets/Scripts/Character/UnitSpawn.cs","7d8e92b8d6c8cd6814f307cc705c28eaf99bf92d","545f9488a78d97875a63f71de1f00318b48ef9b2","1157","40d47e3fba01f59517c988d965798e340d69a09fd8855c81bda5eaa72fdc185d","True","verified encoding candidate 949"
"Assets/Scripts/Character/UnitStats.cs","Assets/Scripts/Character/UnitStats.cs","7d8e92b8d6c8cd6814f307cc705c28eaf99bf92d","feef98d8d1a1fc2ec9d3820159263631d25a5afa","4395","2ffa4df429854cd20d470074c108ac1ed11ff84cb98c295520444679df55b459","True","verified encoding candidate 949"
"Assets/Scripts/SaveAndLoad/DataManager.cs","Assets/Scripts/SaveAndLoad/DataManager.cs","7d8e92b8d6c8cd6814f307cc705c28eaf99bf92d","4577b1609aa2f0e76213b5037708cf2337f4b668","3453","98453cdd960fb565ae656f34f39a41b94dab6aba55200ac741f2fb5a093f9ce6","True","verified encoding candidate 949"
"Assets/Scripts/SaveAndLoad/JsonSaveAndLoader.cs","Assets/Scripts/SaveAndLoad/JsonSaveAndLoader.cs","7d8e92b8d6c8cd6814f307cc705c28eaf99bf92d","a9b7e1c2d50685ade5963bbbcd3aad2b5f74969c","1180","16b0f92c61b0175a0bd34fffa4e73d960dfa57b43e6127541d1ecf51a28b21b5","True","verified encoding candidate 949"
"Assets/Scripts/SaveAndLoad/PlayerData.cs","Assets/Scripts/SaveAndLoad/PlayerData.cs","7d8e92b8d6c8cd6814f307cc705c28eaf99bf92d","8aaa27b016ab49ff5b87ffae4206c8844af63463","2304","5deff7ccdc3af2a4e334e8115d0f79c601d8740ce388bf78437cf9c3370d668d","True","verified encoding candidate 949"
"Assets/Scripts/Sound/BGMManger.cs","Assets/Scripts/Sound/BGMManger.cs","7d8e92b8d6c8cd6814f307cc705c28eaf99bf92d","5bf188ed5dde7f168095d486613f4053de8ba79c","1290","54fc1ad8c2d13a91577079f3f8a6d2c5c5ff9ba90c96bad8ace8e17aea84d2bb","True","verified encoding candidate 949"
"Assets/Scripts/Sound/OnButtonClickSound.cs","Assets/Scripts/Sound/OnButtonClickSound.cs","7d8e92b8d6c8cd6814f307cc705c28eaf99bf92d","ff0656a72d4f59df4390a61c5b80940ad53e3c17","882","336be74c51c72aa523bdfb2b131eddf5148233a7ab3044e1c9863e7823152c10","True","verified encoding candidate 949"
"Assets/Scripts/UI/ButtonClickLimit.cs","Assets/Scripts/UI/ButtonClickLimit.cs","7d8e92b8d6c8cd6814f307cc705c28eaf99bf92d","63cf5b514f8bb3f8933388f17d5db56f9a1bfeed","535","7617ac33aa9bd25613a9b2d7f5bffb3421ee65afcffa681cf169e08469dec334","True","verified encoding candidate 949"
"Assets/Scripts/UI/ButtonSlider.cs","Assets/Scripts/UI/ButtonSlider.cs","7d8e92b8d6c8cd6814f307cc705c28eaf99bf92d","9fb02f65b52419ce80c6bb8f91950dfde4c5f90d","734","49462fd692dc9b25ccbf9932a5b5802437268847f7fa7e22a353a5b94d3c4f5d","True","verified encoding candidate 65001"
"Assets/Scripts/UI/ChangeImage.cs","Assets/Scripts/UI/ChangeImage.cs","7d8e92b8d6c8cd6814f307cc705c28eaf99bf92d","64d94fd6a28f38ad9217b71bf5d4b1f7b86205d3","292","e72a0064d336216e89144efac94a38823f5d222ff31d43a2fdcf0c23886b7ab1","True","verified encoding candidate 65001"
"Assets/Scripts/UI/DefeatedPanel.cs","Assets/Scripts/UI/DefeatedPanel.cs","7d8e92b8d6c8cd6814f307cc705c28eaf99bf92d","c890ccfef11cd632337c65689c81a4a6deeee463","460","30ed503c834b3be4016edb2249ff2d5508f9dbe31ec4b3867d54cd244c2471eb","True","verified encoding candidate 28591"
"Assets/Scripts/UI/FollowUI.cs","Assets/Scripts/UI/FollowUI.cs","7d8e92b8d6c8cd6814f307cc705c28eaf99bf92d","fb21bd088a94413dedb89ca0a58a85b3417ce3e7","727","b1a90581e20e50d30d7b54c027079ecb489b534d08a69b3f82a650e677b7c25b","True","verified encoding candidate 28591"
"Assets/Scripts/UI/PanelController.cs","Assets/Scripts/UI/PanelController.cs","7d8e92b8d6c8cd6814f307cc705c28eaf99bf92d","f44ef553d11c7844eb6a8443710cc71b642a9e2c","535","c8339deea0782a75b8dea50980088d2cef49b6da0948b098c565d076d733195e","True","verified encoding candidate 949"
"Assets/Scripts/UI/QuitGame.cs","Assets/Scripts/UI/QuitGame.cs","7d8e92b8d6c8cd6814f307cc705c28eaf99bf92d","8175ae452ca2a1fd062eeac1a28f59b2887e4b84","252","f3bf0198b62305f75df485202e88ed1ad17a335dbbd25e00ba5742954845a92b","True","verified encoding candidate 65001"
"Assets/Scripts/UI/SceneLoader.cs","Assets/Scripts/UI/SceneLoader.cs","7d8e92b8d6c8cd6814f307cc705c28eaf99bf92d","5aaff2aefb2f8e1496e81a6179f8ced91ddd1472","526","0871bceee6ea3682c2a1b37a38123a731945fe93fb10e368115643919cfe8928","True","verified encoding candidate 949"
"Assets/Scripts/UI/ScriptPanel.cs","Assets/Scripts/UI/ScriptPanel.cs","7d8e92b8d6c8cd6814f307cc705c28eaf99bf92d","7e553a351cd3391a620bb2f9723add3d5bf71904","734","d10086832f409f3337f5c50d76b307f2268e17b910b34a989222a0b051e2c1f7","True","verified encoding candidate 28591"
"Assets/Scripts/UI/SettingPanel.cs","Assets/Scripts/UI/SettingPanel.cs","7d8e92b8d6c8cd6814f307cc705c28eaf99bf92d","12bea82199d06038837c1c39ba39758dc72138f3","669","62bd060fa16c1d0c6774bb9c84bbafb7e774c9d5abf460ed615b4c95606c8448","True","verified encoding candidate 65001"
"Assets/Scripts/UI/StagePanel.cs","Assets/Scripts/UI/StagePanel.cs","7d8e92b8d6c8cd6814f307cc705c28eaf99bf92d","5b1e3311bac61fa91042048c4e582aa72ba286d0","1713","f5dc6f3f2b521b6797be9135ceacb2ba89442f337f4269a7836038c4133e53e7","True","verified encoding candidate 949"
"Assets/Scripts/UI/StarInfo.cs","Assets/Scripts/UI/StarInfo.cs","7d8e92b8d6c8cd6814f307cc705c28eaf99bf92d","3b9c4bfececdfd76c9fbee2a9826ae978254248d","486","3acc3776d52f98d89ecc184346549a7c1c6c26970a48aa859c9c374a2b6077d1","True","verified encoding candidate 65001"
"Assets/Scripts/UI/StarsController.cs","Assets/Scripts/UI/StarsController.cs","7d8e92b8d6c8cd6814f307cc705c28eaf99bf92d","0fae2ded24a923ee094347f30f6ad91a7bc29968","3020","e6c8398227059cf0671c9c4ded4a0845ca325dd8ca42c900efbbeedf52fa4a71","True","verified encoding candidate 949"
"Assets/Scripts/UI/StopPanel.cs","Assets/Scripts/UI/StopPanel.cs","7d8e92b8d6c8cd6814f307cc705c28eaf99bf92d","cf68b4a4d6ef54efe317f195d6493a0900356fab","636","beda731b35e764010b57b72404a72483c0e0e9f69bab611dd175e92d73ed2520","True","verified encoding candidate 28591"
"Assets/Scripts/UI/UIBlocker.cs","Assets/Scripts/UI/UIBlocker.cs","7d8e92b8d6c8cd6814f307cc705c28eaf99bf92d","ded8b1f1be689579b606b9b5c3ec0621f8b2bd38","1421","0e6cc0bf1d21e03876d5c559c9564986c4d5e531301bf82816ffd57f909dc9c5","True","verified encoding candidate 949"
"Assets/Scripts/UI/UpdateHealthText.cs","Assets/Scripts/UI/UpdateHealthText.cs","7d8e92b8d6c8cd6814f307cc705c28eaf99bf92d","08cf01addab8bd74ba10663b1bd493fcda94af66","1123","5296fc5290826d2e384c4c3a179551d6ecd420db29d0137b5f93294b2c1663df","True","verified encoding candidate 949"
"Assets/Scripts/UI/VictoryPanel.cs","Assets/Scripts/UI/VictoryPanel.cs","7d8e92b8d6c8cd6814f307cc705c28eaf99bf92d","9c50a2dbf20f7e912ba3529ce80a3eaf0f47689d","595","a85c9b0f8eca764dfab37c0856ca47ea3429797168b5e0b6318b0a305bbba598","True","verified encoding candidate 28591"
"Assets/Scripts/UI/Stage/PopupMessage.cs","Assets/Scripts/UI/Stage/PopupMessage.cs","7d8e92b8d6c8cd6814f307cc705c28eaf99bf92d","7df05f6e227e2bdc6a74099826c45abe39578dea","2750","56c8a38dc9bfcedfd665c09b66937468d4dab58b25792d37f0c65a86955296bc","True","verified encoding candidate 949"
"Assets/Scripts/UI/Stage/UnitUI.cs","Assets/Scripts/UI/Stage/UnitUI.cs","7d8e92b8d6c8cd6814f307cc705c28eaf99bf92d","956c151cca85d6033fd026b500081fb58f56787e","4231","a3bf2502f49709f197dd481caceed33ef0b8cfd6f3b5d857edaaf8b4ed8a1195","True","verified encoding candidate 949"
"Assets/Scripts/UI/Stage/UpdateGold.cs","Assets/Scripts/UI/Stage/UpdateGold.cs","7d8e92b8d6c8cd6814f307cc705c28eaf99bf92d","4ba5399746f96157d37166e553ac114b56c60c9c","384","ba55c69639fe74f4ae3cbe5e008e0b6373e1f9b0ea7a00e08a0309bb904b25ca","True","verified encoding candidate 949"
"Packages/manifest.json","ReviewContext/Packages/manifest.json","7d8e92b8d6c8cd6814f307cc705c28eaf99bf92d","d06db963f6a50edb9cab506785af1f09690dccd6","1764","4cbaac1a2fec1b075496ea0bdc711b201cceec5a670c42d1d7ebbc60d1340180","True","verified encoding candidate 65001"
"Packages/packages-lock.json","ReviewContext/Packages/packages-lock.json","7d8e92b8d6c8cd6814f307cc705c28eaf99bf92d","15b6c9a2ca453adbaf1f76b6601c71257313567b","12437","4c72d4f9358b1f858c001e60495a590c0df5c9b496a2f908bb82b38c26d89473","True","verified encoding candidate 65001"
"ProjectSettings/ProjectVersion.txt","ReviewContext/ProjectSettings/ProjectVersion.txt","7d8e92b8d6c8cd6814f307cc705c28eaf99bf92d","78a778891e6c1beee469fa37a58d0bf3c1c5768e","83","d00a38851ca556d8f220c38e93d512e269f7954537b35f32d7d6b6ad75c2b78c","True","verified encoding candidate 65001"
